海域编号,海域名字,封面文件,封面原图URL,封面尺寸,路线图文件,路线图原图URL,路线图尺寸
1-1,镇守府正面海域,kcwiki_海域图片/封面/1-1镇守府正面海域.png,https://uploads.kcwiki.cn/commons/f/f8/MapBannerHD1-1.png,476x206,kcwiki_海域图片/路线图/1-1镇守府正面海域+全图.png,https://uploads.kcwiki.cn/commons/0/04/MapHD1-1.png,1200x720
1-2,南西群岛近海,kcwiki_海域图片/封面/1-2南西群岛近海.png,https://uploads.kcwiki.cn/commons/4/4b/MapBannerHD1-2.png,476x206,kcwiki_海域图片/路线图/1-2南西群岛近海+全图.png,https://uploads.kcwiki.cn/commons/4/40/MapHD1-2.png,1200x720
1-3,炼油厂地带沿岸,kcwiki_海域图片/封面/1-3炼油厂地带沿岸.png,https://uploads.kcwiki.cn/commons/8/85/MapBannerHD1-3.png,476x206,kcwiki_海域图片/路线图/1-3炼油厂地带沿岸+全图.png,https://uploads.kcwiki.cn/commons/e/e9/MapHD1-3.png,1200x720
1-4,南西群岛防卫线,kcwiki_海域图片/封面/1-4南西群岛防卫线.png,https://uploads.kcwiki.cn/commons/8/8b/MapBannerHD1-4.png,476x206,kcwiki_海域图片/路线图/1-4南西群岛防卫线+全图.png,https://uploads.kcwiki.cn/commons/8/82/MapHD1-4.png,1200x720
1-5,镇守府近海,kcwiki_海域图片/封面/1-5镇守府近海.png,https://uploads.kcwiki.cn/commons/7/77/MapBannerHD1-5.png,980x136,kcwiki_海域图片/路线图/1-5镇守府近海+全图.png,https://uploads.kcwiki.cn/commons/9/9c/MapHD1-5.png,1200x720
1-6,镇守府近海航路,kcwiki_海域图片/封面/1-6镇守府近海航路.png,https://uploads.kcwiki.cn/commons/2/2b/MapBannerHD1-6.png,980x136,kcwiki_海域图片/路线图/1-6镇守府近海航路+全图.png,https://uploads.kcwiki.cn/commons/c/cf/MapHD1-6.png,1200x720
2-1,南西诸岛近海,kcwiki_海域图片/封面/2-1南西诸岛近海.png,https://uploads.kcwiki.cn/commons/4/41/MapBannerHD2-1.png,476x206,kcwiki_海域图片/路线图/2-1南西诸岛近海+全图.png,https://uploads.kcwiki.cn/commons/f/f4/MapHD2-1.png,1200x720
2-2,巴士海峡,kcwiki_海域图片/封面/2-2巴士海峡.png,https://uploads.kcwiki.cn/commons/b/b0/MapBannerHD2-2.png,476x206,kcwiki_海域图片/路线图/2-2巴士海峡+全图.png,https://uploads.kcwiki.cn/commons/d/da/MapHD2-2.png,1200x720
2-3,东部奥廖尔海,kcwiki_海域图片/封面/2-3东部奥廖尔海.png,https://uploads.kcwiki.cn/commons/d/d7/MapBannerHD2-3.png,476x206,kcwiki_海域图片/路线图/2-3东部奥廖尔海+全图.png,https://uploads.kcwiki.cn/commons/8/87/MapHD2-3.png,1200x720
2-4,冲之岛海域,kcwiki_海域图片/封面/2-4冲之岛海域.png,https://uploads.kcwiki.cn/commons/0/05/MapBannerHD2-4.png,476x206,kcwiki_海域图片/路线图/2-4冲之岛海域+全图.png,https://uploads.kcwiki.cn/commons/6/60/MapHD2-4.png,1200x720
2-5,冲之岛海,kcwiki_海域图片/封面/2-5冲之岛海.png,https://uploads.kcwiki.cn/commons/9/93/MapBannerHD2-5.png,980x136,kcwiki_海域图片/路线图/2-5冲之岛海+全图.png,https://uploads.kcwiki.cn/commons/4/4b/MapHD2-5.png,1200x720
3-1,莫雷海,kcwiki_海域图片/封面/3-1莫雷海.png,https://uploads.kcwiki.cn/commons/1/12/MapBannerHD3-1.png,476x206,kcwiki_海域图片/路线图/3-1莫雷海+全图.png,https://uploads.kcwiki.cn/commons/d/d3/MapHD3-1.png,1200x720
3-2,基斯岛近海,kcwiki_海域图片/封面/3-2基斯岛近海.png,https://uploads.kcwiki.cn/commons/0/07/MapBannerHD3-2.png,476x206,kcwiki_海域图片/路线图/3-2基斯岛近海+全图.png,https://uploads.kcwiki.cn/commons/6/63/MapHD3-2.png,1200x720
3-3,阿尔锋西诺方向,kcwiki_海域图片/封面/3-3阿尔锋西诺方向.png,https://uploads.kcwiki.cn/commons/3/3a/MapBannerHD3-3.png,476x206,kcwiki_海域图片/路线图/3-3阿尔锋西诺方向+全图.png,https://uploads.kcwiki.cn/commons/d/db/MapHD3-3.png,1200x720
3-4,北方海域全域,kcwiki_海域图片/封面/3-4北方海域全域.png,https://uploads.kcwiki.cn/commons/d/d4/MapBannerHD3-4.png,476x206,kcwiki_海域图片/路线图/3-4北方海域全域+全图.png,https://uploads.kcwiki.cn/commons/6/6e/MapHD3-4.png,1200x720
3-5,北方阿留申海域,kcwiki_海域图片/封面/3-5北方阿留申海域.png,https://uploads.kcwiki.cn/commons/c/c5/MapBannerHD3-5.png,980x136,kcwiki_海域图片/路线图/3-5北方阿留申海域+全图.png,https://uploads.kcwiki.cn/commons/a/ae/MapHD3-5.png,1200x720
4-1,爪姆岛近海,kcwiki_海域图片/封面/4-1爪姆岛近海.png,https://uploads.kcwiki.cn/commons/d/d7/MapBannerHD4-1.png,476x206,kcwiki_海域图片/路线图/4-1爪姆岛近海+全图.png,https://uploads.kcwiki.cn/commons/8/88/MapHD4-1.png,1200x720
4-2,咖喱洋海域,kcwiki_海域图片/封面/4-2咖喱洋海域.png,https://uploads.kcwiki.cn/commons/5/59/MapBannerHD4-2.png,476x206,kcwiki_海域图片/路线图/4-2咖喱洋海域+全图.png,https://uploads.kcwiki.cn/commons/7/76/MapHD4-2.png,1200x720
4-3,里兰卡岛,kcwiki_海域图片/封面/4-3里兰卡岛.png,https://uploads.kcwiki.cn/commons/1/1c/MapBannerHD4-3.png,476x206,kcwiki_海域图片/路线图/4-3里兰卡岛+全图.png,https://uploads.kcwiki.cn/commons/c/c0/MapHD4-3.png,1200x720
4-4,加斯加达马岛,kcwiki_海域图片/封面/4-4加斯加达马岛.png,https://uploads.kcwiki.cn/commons/b/bd/MapBannerHD4-4.png,476x206,kcwiki_海域图片/路线图/4-4加斯加达马岛+全图.png,https://uploads.kcwiki.cn/commons/8/85/MapHD4-4.png,1200x720
4-5,咖喱洋里兰卡岛海域,kcwiki_海域图片/封面/4-5咖喱洋里兰卡岛海域.png,https://uploads.kcwiki.cn/commons/5/5c/MapBannerHD4-5.png,980x136,kcwiki_海域图片/路线图/4-5咖喱洋里兰卡岛海域+全图.png,https://uploads.kcwiki.cn/commons/2/24/MapHD4-5.png,1200x720
5-1,南方海域前方,kcwiki_海域图片/封面/5-1南方海域前方.png,https://uploads.kcwiki.cn/commons/0/00/MapBannerHD5-1.png,476x206,kcwiki_海域图片/路线图/5-1南方海域前方+全图.png,https://uploads.kcwiki.cn/commons/9/9f/MapHD5-1.png,1200x720
5-2,珊瑚群岛近海,kcwiki_海域图片/封面/5-2珊瑚群岛近海.png,https://uploads.kcwiki.cn/commons/8/86/MapBannerHD5-2.png,476x206,kcwiki_海域图片/路线图/5-2珊瑚群岛近海+全图.png,https://uploads.kcwiki.cn/commons/4/40/MapHD5-2.png,1200x720
5-3,萨部岛近海海域,kcwiki_海域图片/封面/5-3萨部岛近海海域.png,https://uploads.kcwiki.cn/commons/3/3d/MapBannerHD5-3.png,476x206,kcwiki_海域图片/路线图/5-3萨部岛近海海域+全图.png,https://uploads.kcwiki.cn/commons/7/7b/MapHD5-3.png,1200x720
5-4,沙门海域,kcwiki_海域图片/封面/5-4沙门海域.png,https://uploads.kcwiki.cn/commons/c/c6/MapBannerHD5-4.png,476x206,kcwiki_海域图片/路线图/5-4沙门海域+全图.png,https://uploads.kcwiki.cn/commons/5/5a/MapHD5-4.png,1200x720
5-5,沙门海域北方,kcwiki_海域图片/封面/5-5沙门海域北方.png,https://uploads.kcwiki.cn/commons/c/c9/MapBannerHD5-5.png,980x136,kcwiki_海域图片/路线图/5-5沙门海域北方+全图.png,https://uploads.kcwiki.cn/commons/9/91/MapHD5-5.png,1200x720
5-6,拉包尔方面海域,kcwiki_海域图片/封面/5-6拉包尔方面海域.png,https://uploads.kcwiki.cn/commons/0/01/MapBannerHD5-6.png,980x136,kcwiki_海域图片/路线图/5-6拉包尔方面海域+全图.png,https://uploads.kcwiki.cn/commons/3/3e/MapHD5-6.png,900x540
6-1,中部海域警戒线,kcwiki_海域图片/封面/6-1中部海域警戒线.png,https://uploads.kcwiki.cn/commons/5/52/MapBannerHD6-1.png,476x206,kcwiki_海域图片/路线图/6-1中部海域警戒线+全图.png,https://uploads.kcwiki.cn/commons/1/12/MapHD6-1.png,1200x720
6-2,马绍尔群岛近海,kcwiki_海域图片/封面/6-2马绍尔群岛近海.png,https://uploads.kcwiki.cn/commons/d/df/MapBannerHD6-2.png,476x206,kcwiki_海域图片/路线图/6-2马绍尔群岛近海+全图.png,https://uploads.kcwiki.cn/commons/4/42/MapHD6-2.png,1200x720
6-3,古阿诺环礁海域,kcwiki_海域图片/封面/6-3古阿诺环礁海域.png,https://uploads.kcwiki.cn/commons/7/79/MapBannerHD6-3.png,476x206,kcwiki_海域图片/路线图/6-3古阿诺环礁海域+全图.png,https://uploads.kcwiki.cn/commons/0/05/MapHD6-3.png,1200x720
6-4,中部北海域孔雀岛近海,kcwiki_海域图片/封面/6-4中部北海域孔雀岛近海.png,https://uploads.kcwiki.cn/commons/0/00/MapBannerHD6-4.png,476x206,kcwiki_海域图片/路线图/6-4中部北海域孔雀岛近海+全图.png,https://uploads.kcwiki.cn/commons/2/2d/MapHD6-4.png,1200x720
6-5,kw环礁沿海海域,kcwiki_海域图片/封面/6-5kw环礁沿海海域.png,https://uploads.kcwiki.cn/commons/8/81/MapBannerHD6-5.png,980x136,kcwiki_海域图片/路线图/6-5kw环礁沿海海域+全图.png,https://uploads.kcwiki.cn/commons/0/0a/MapHD6-5.png,1200x720
7-1,文莱泊地近海,kcwiki_海域图片/封面/7-1文莱泊地近海.png,https://uploads.kcwiki.cn/commons/8/8f/MapBannerHD7-1.png,476x206,kcwiki_海域图片/路线图/7-1文莱泊地近海+全图.png,https://uploads.kcwiki.cn/commons/d/dc/MapHD7-1.png,1200x720
7-2,塔威塔威泊地海岸,kcwiki_海域图片/封面/7-2塔威塔威泊地海岸.png,https://uploads.kcwiki.cn/commons/c/c8/MapBannerHD7-2.png,476x206,kcwiki_海域图片/路线图/7-2塔威塔威泊地海岸+全图.png,https://uploads.kcwiki.cn/commons/e/e1/MapHD7-2.png,1200x720
7-3,槟榔屿海域,kcwiki_海域图片/封面/7-3槟榔屿海域.png,https://uploads.kcwiki.cn/commons/d/d4/MapBannerHD7-3.png,476x206,kcwiki_海域图片/路线图/7-3槟榔屿海域+全图.png,https://uploads.kcwiki.cn/commons/a/a7/MapHD7-3.png,1200x720
7-4,昭南本土航线,kcwiki_海域图片/封面/7-4昭南本土航线.png,https://uploads.kcwiki.cn/commons/d/d5/MapBannerHD7-4.png,476x206,kcwiki_海域图片/路线图/7-4昭南本土航线+全图.png,https://uploads.kcwiki.cn/commons/2/2a/MapHD7-4.png,1200x720
7-5,爪哇岛海域,kcwiki_海域图片/封面/7-5爪哇岛海域.png,https://uploads.kcwiki.cn/commons/0/08/MapBannerHD7-5.png,980x136,kcwiki_海域图片/路线图/7-5爪哇岛海域+全图.png,https://uploads.kcwiki.cn/commons/e/eb/MapHD7-5.png,1200x720
